slug,score,in_gd4h
concentrations-moyennes-journalieres-de-polluants-dans-lair-ambiant-issues-du-reseau-permanent-de-mesures-automatiques-en-region-auvergne-rhone-alpes-sur-la-derniere-annee,0.35619146,True
concentrations-horaires-de-polluants-dans-lair-ambiant-issues-du-reseau-permanent-de-mesures-en-region-auvergne-rhone-alpes-sur-la-derniere-annee-glissante,0.3380254,True
registre-francais-des-emissions-polluantes,0.32964507,True
bilan-demissions-de-gaz-a-effet-de-serre-par-scope-et-operateur,0.3181051,True
niveaux-annuels-de-polluants-dans-lair-ambiant-issus-de-la-modelisation-sur-la-region-auvergne-rhone-alpes-en-2015,0.3171063,True
scenarios-de-consommation-gaz-a-horizon-2030-perspectives-gaz-edition-2020,0.308742,True
emission-co2-et-evolution-de-l-efficience-energetique-par-faisceau-30381917,0.3079089,True
extremas-quotidiens-des-flux-commerciaux-janvier-2012-a-fevrier-2023,0.30664882,True
agreste-consommation-et-production-d-energie-dans-les-exploitations-agricoles,0.30041543,True
agreste-statistique-agricole-annuelle-saa,0.29334417,True
indicateur-prospectif-de-gaz-renouvelable-dynamique-engagee-a-la-maille-regionale,0.29199493,True
agreste-consommation-directe-et-production-denergie-des-edt-et-des-cuma,0.29078665,True
declarations-francaises-annuelles-de-captures-de-produits-de-la-mer-2008-30378793,0.28921714,True
declarations-francaises-annuelles-de-captures-de-produits-de-la-mer-2004-30378653,0.28921628,True
agreste-pratiques-culturales-sur-les-grandes-cultures-et-prairies,0.2873067,True
indicateur-prospectif-de-gaz-renouvelable-dynamique-engagee-a-la-maille-nationale,0.2870362,True
agreste-recensement-de-la-pisciculture-et-elevage-de-crustaces-dans-les-dom,0.28669366,True
agreste-prix-du-bois,0.28507257,True
indicateur-prospectif-de-gaz-renouvelable-dynamique-engagee-a-la-maille-departementale,0.2844117,True
declarations-francaises-annuelles-de-captures-de-produits-de-la-mer-2006-30379187,0.28236496,True
declarations-francaises-annuelles-de-captures-de-produits-de-la-mer-2002-30379262,0.28187525,True
indicateur-prospectif-de-gaz-renouvelable-dynamique-engagee-a-la-maille-epci,0.28182113,True
declarations-francaises-annuelles-de-captures-de-produits-de-la-mer-2001-30379209,0.28150198,True
declarations-francaises-annuelles-de-captures-de-produits-de-la-mer-2003-30379125,0.28046626,True
equilibre-national-mensuel-production-consommation-brute,0.28031033,True
agreste-recensement-de-la-pisciculture-marine,0.27953395,True
declarations-francaises-annuelles-de-captures-de-produits-de-la-mer-2010-30378914,0.27700332,True
agreste-enquete-annuelle-laitiere,0.27699417,True
declarations-francaises-annuelles-de-captures-de-produits-de-la-mer-2009-30378969,0.27601987,True
declarations-francaises-annuelles-de-captures-de-produits-de-la-mer-2005-30378690,0.27586836,True
indices-annuels-de-temperature-et-nombre-de-jours-de-temperature-issus-du-modele-aladin-pour-le-scenario-rcp-2-6,0.2717181,True
declarations-francaises-annuelles-de-captures-de-produits-de-la-mer-2007-30378866,0.27088985,True
consommation-annuelle-finale-regionale-delectricite-2006-a-2020,0.27049798,True
agreste-consommations-d-energie-dans-les-iaa-et-les-scieries,0.26997772,True
repartition-annuelle-de-la-consommation-de-gaz-naturel-en-france,0.26732466,True
dpe-tertiaire-avant-juillet-2021,0.2669793,True
indices-annuels-danomalie-de-temperature-et-danomalies-de-nombre-de-jours-de-temperature-issus-du-modele-aladin-climat,0.2663227,True
pic-journalier-de-la-consommation-brute-delectricite,0.26523682,True
indices-mensuels-danomalie-de-temperature-et-danomalies-de-nombre-de-jours-de-temperature-issus-du-modele-aladin-climat-pour-le-scenario-rcp-4-5,0.26309985,True
repartition-des-potentiels-de-gaz-verts-a-horizon-2050-par-departement,0.26307017,True
indices-mensuels-danomalie-de-temperature-et-danomalies-de-nombre-de-jours-de-temperature-issus-du-modele-aladin-climat-pour-le-scenario-rcp-2-6,0.2617823,True
origine-du-gaz-naturel-importe-en-france,0.2604034,True
extremas-de-consommation-quotidienne-definitive-de-gaz-relevee-sur-le-reseau-de-grtgaz-et-terega,0.26007706,True
etude-facteurs-demissions-des-differents-modes-de-transport-routier,0.25858375,True
concentrations-en-nitrates-dorigine-agricole-2013-2014-eaux-souterraines-france-entiere,0.25835687,True
concentrations-en-nitrates-dorigine-agricole-2013-2014-eaux-superficielles-france-entiere,0.25815603,True
donnees-dobservations-du-reseau-nivo-meteorologique,0.2570296,True
agreste-conjoncture-agricole-le-bulletin-mensuel,0.25677103,True
indices-mensuels-danomalie-de-temperature-et-danomalies-de-nombre-de-jours-de-temperature-issus-du-modele-aladin-climat,0.2555272,True
indices-saisonniers-danomalie-de-temperature-et-danomalies-de-nombre-de-jours-de-temperature-issus-du-modele-aladin-climat,0.25387445,True
extremas-de-consommation-quotidienne-definitive-de-gaz-a-la-maille-regionale-relevee-sur-le-reseau-de-grtgaz,0.25349075,True
indices-annuels-de-temperature-et-nombre-de-jours-de-temperature-issus-du-modele-aladin-climat,0.2524859,True
potentiel-national-de-production-de-methane-renouvelable-par-gazeification-hydrothermale-a-horizon-2050,0.25145668,True
declaration-de-vehicules-a-faible-emissions-annee-2020,0.25005907,True
agreste-donnees-de-cadrage-sur-l-agriculture-surfaces-productions-rendements-effectifs-animaux,0.24836178,True
consommation-mensuelle-definitive-de-gaz-des-clients-industriels-de-grtgaz-repartis-par-secteur-industriel-1,0.24807218,True
indicateur-annualise-gaz-renouvelable-des-territoires-par-region,0.24786396,True
production-nationale-annuelle-par-filiere-2012-a-2021,0.24715774,True
indicateur-annualise-gaz-renouvelable-des-territoires-perimetre-national,0.24678545,True
pesticides-dans-les-eaux-souterraines,0.24642424,True
consommation-horaire-definitive-de-gaz-des-distributions-publiques-a-linterface-avec-le-reseau-de-transport-de-gaz-1,0.24561362,True
concentrations-en-nitrates-dorigine-agricole-2014-2015-eaux-souterraines-france-entiere,0.24560814,True
concentrations-en-nitrates-dorigine-agricole-2014-2015-eaux-superficielles-france-entiere,0.24555807,True
concentrations-en-nitrates-dorigine-agricole-2011-2012-eaux-souterraines-france-entiere,0.24530053,True
concentrations-en-nitrates-dorigine-agricole-2011-2012-eaux-superficielles-france-entiere,0.24524626,True
concentrations-en-nitrates-dorigine-agricole-2012-2013-eaux-souterraines-france-entiere,0.24505758,True
agreste-production-commercialisee-des-iaa,0.24503627,True
concentrations-en-nitrates-dorigine-agricole-2012-2013-eaux-superficielles-france-entiere,0.24500509,True
donnees-mensuelles-dindice-dhumidite-des-sols-pour-le-dispositif-catastrophes-naturelles,0.24392852,True
concentrations-en-nitrates-dorigine-agricole-2015-2016-eaux-souterraines-france-entiere,0.24362783,True
concentrations-en-nitrates-dorigine-agricole-2015-2016-eaux-superficielles-france-entiere,0.24355853,True
pic-regional-annuel-de-la-consommation-brute-delectricite-2008-a-2022,0.24320967,True
emissions-de-co2-et-de-polluants-des-vehicules-commercialises-en-france,0.2424182,True
indices-annuels-danomalie-de-precipitations-et-danomalies-de-nombre-de-jours-de-precipitations-issus-du-modele-aladin-climat,0.24152842,True
production-regionale-annuelle-par-filiere-2008-a-2021,0.24120684,True
indicateur-mensuel-gaz-renouvelable-des-territoires-perimetre-national,0.2411342,True
indices-mensuels-de-temperature-et-nombre-de-jours-de-temperature-issus-du-modele-aladin-climat,0.24016412,True
vehicules-a-faibles-et-a-tres-faibles-emissions-de-la-metropole-de-lyon,0.23988628,True
agreste-bilans-d-approvisionnement,0.23966928,True
consommation-annuelle-brute-aux-reseaux-de-transport,0.23956569,True
indices-annuels-de-precipitations-et-nombre-de-jours-de-precipitations-issus-du-modele-aladin-climat,0.23938513,True
consommation-mensuelle-brute-corrigee-et-des-clients-rpt,0.23855464,True
indices-saisonniers-de-temperature-et-nombre-de-jours-de-temperature-issus-du-modele-aladin-climat,0.2379798,True
indicateur-mensuel-gaz-renouvelable-des-territoires-par-region,0.23654859,True
donnees-temps-reel-de-mesure-des-concentrations-de-polluants-atmospheriques-reglementes-1,0.23606947,True
production-centralisee-delectricite-a-partir-de-gaz-naturel-en-france,0.23579738,True
niveaux-de-vigilance-pollution-atmospherique-pour-les-bassins-dair-auvergne-rhone-alpes,0.2353771,True
agreste-productions-avicoles-aviculture,0.23525007,True
donnees-issues-des-campagnes-exceptionnelles-campex-2011-2013-substances-eaux-souterraines-fichiers-bruts-producteur,0.23457852,True
consommation-regionale-de-gaz-naturel-carburant-gnc,0.23388812,True
consommation-annuelle-brute-regionale,0.23351526,True
bilan-previsionnel-electrique-2019-offre-de-production,0.23349461,True
donnees-issues-des-campagnes-exceptionnelles-campex-2011-2013-substances-eaux-de-surface-continentales-fichiers-bruts-producteur,0.23322567,True
bilan-previsionnel-electrique-2021-offre-de-production,0.23270723,True
agreste-valeur-venale-des-terres,0.23169017,True
agreste-recolte-de-bois-et-production-de-sciages,0.23152046,True
bilan-previsionnel-electrique-2017-offre-de-production,0.23133047,True
part-des-vehicules-a-faibles-emissions-dans-le-renouvellement-dun-parc-organisation-ministere-de-lagriculture-et-de-lalimentation-4,0.23095207,True
part-des-vehicules-a-faibles-emissions-dans-le-renouvellement-dun-parc-organisation-ministere-de-lagriculture-et-de-lalimentation-3,0.23095207,True
part-des-vehicules-a-faibles-emissions-dans-le-renouvellement-dun-parc-organisation-ministere-de-lagriculture-et-de-lalimentation-2,0.23095207,True
part-des-vehicules-a-faibles-emissions-dans-le-renouvellement-dun-parc-organisation-ministere-de-lagriculture-et-de-lalimentation-1,0.23095207,True
previsions-devolution-de-la-pointe-de-consommation-de-gaz-naturel,0.23085897,True
consommation-quotidienne-de-gaz-des-centrales-a-cycle-combine-gaz-zone-grtgaz,0.23025724,True
indicateur-annualise-gaz-renouvelable-des-territoires-par-departement,0.22996417,True
voies-speciales-de-la-zone-a-faibles-emissions-de-la-metropole-de-lyon,0.22965768,True
part-des-vehicules-a-faibles-emissions-dans-le-renouvellement-dun-parc-ministere-de-lagriculture-et-de-la-souverainete-alimentaire-10,0.22957043,True
part-des-vehicules-a-faibles-emissions-dans-le-renouvellement-dun-parc-ministere-de-lagriculture-et-de-la-souverainete-alimentaire-9,0.22957043,True
part-des-vehicules-a-faibles-emissions-dans-le-renouvellement-dun-parc-ministere-de-lagriculture-et-de-la-souverainete-alimentaire-8,0.22957043,True
part-des-vehicules-a-faibles-emissions-dans-le-renouvellement-dun-parc-ministere-de-lagriculture-et-de-la-souverainete-alimentaire-7,0.22957043,True
part-des-vehicules-a-faibles-emissions-dans-le-renouvellement-dun-parc-ministere-de-lagriculture-et-de-la-souverainete-alimentaire-6,0.22957043,True
part-des-vehicules-a-faibles-emissions-dans-le-renouvellement-dun-parc-ministere-de-lagriculture-et-de-la-souverainete-alimentaire-5,0.22957043,True
part-des-vehicules-a-faibles-emissions-dans-le-renouvellement-dun-parc-ministere-de-lagriculture-et-de-la-souverainete-alimentaire-4,0.22957043,True
part-des-vehicules-a-faibles-emissions-dans-le-renouvellement-dun-parc-ministere-de-lagriculture-et-de-la-souverainete-alimentaire-3,0.22957043,True
part-des-vehicules-a-faibles-emissions-dans-le-renouvellement-dun-parc-ministere-de-lagriculture-et-de-la-souverainete-alimentaire-2,0.22957043,True
part-des-vehicules-a-faibles-emissions-dans-le-renouvellement-dun-parc-ministere-de-lagriculture-et-de-la-souverainete-alimentaire-1,0.22957043,True
part-des-vehicules-a-faibles-emissions-dans-le-renouvellement-dun-parc-ministere-de-lagriculture-et-de-la-souverainete-alimentaire,0.22957043,True
pic-annuel-de-la-consommation-brute-delectricite-2001-a-2021,0.22952154,True
indices-mensuels-danomalie-de-precipitations-et-danomalies-de-nombre-de-jours-de-precipitations-issus-du-modele-aladin-climat,0.22946672,True
debit-quotidien-des-stockages-de-gaz-a-partir-de-novembre-2010,0.22919795,True
prescriptions-relatives-a-laffectation-des-sols-richesse-du-sol-et-sous-sol-du-plu-h-de-la-metropole-de-lyon,0.22831075,True
donnees-issues-des-campagnes-exceptionnelles-campex-2011-2013-substances-eaux-littorales-fichier-brut-producteur,0.2281399,True
agreste-recensement-de-la-salmoniculture,0.22811186,True
indicateur-annualise-gaz-renouvelable-des-territoires-par-epci,0.22800574,True
agreste-donnees-communales-resultats-des-recensements-agricoles-par-commune,0.22782044,True
indices-mensuels-de-precipitations-et-nombre-de-jours-de-precipitations-issus-du-modele-aladin-climat,0.2262648,True
part-des-vehicules-a-faibles-emissions-dans-le-renouvellement-dun-parc-organisation-ministere-de-lagriculture-et-de-lalimentation,0.22623911,True
equilibre-national-mensuel-rpt-injection-soutirage,0.22552672,True
equilibre-regional-mensuel-production-consommation-brute-janvier-2014-a-decembre-2021,0.22550917,True
part-des-vehicules-a-faibles-emissions-dans-le-renouvellement-dun-parc-organisation-ministere-de-la-transition-ecologique-1,0.22504742,True
part-des-vehicules-a-faibles-emissions-dans-le-renouvellement-dun-parc-organisation-ministere-de-la-transition-ecologique,0.22504742,True
evolution-de-lactivite-aux-points-dechange-de-gaz-peg-sur-le-reseau-grtgaz,0.22456941,True
graphagri-regions,0.2238982,True
indices-saisonniers-de-precipitations-et-nombre-de-jours-de-precipitations-issus-du-modele-aladin-climat,0.22365728,True
modele-global-de-chimie-atmospherique-et-de-transport,0.22359172,True
production-regionale-annuelle-des-energies-renouvelables-2008-a-2021,0.2232676,True
vehicules-a-faibles-et-a-tres-faibles-emissions-du-reseau-transports-en-commun-lyonnais,0.22313376,True
consommation-annuelle-definitive-delectricite-et-de-gaz-par-iris-des-sites-industriels-raccordes-aux-reseaux-de-transport,0.22269091,True
rapportage-directive-cadre-sur-leau-2010-syntheses-sur-letat-chimique-des-masses-deau-souterraines-par-bassin-dce,0.22189204,True
donnees-issues-des-campagnes-exceptionnelles-campex-2011-2013-substances-eaux-de-surface-continentales-detail-par-parametre,0.22178385,True
agreste-donnees-communales-principaux-cheptels-nombre-d-elevages-et-cheptel-champ-moyennes-et-grande,0.22178097,True
donnees-issues-des-campagnes-exceptionnelles-campex-2011-2013-substances-eaux-souterraines-detail-par-parametre,0.22144818,True
indicateur-mensuel-gaz-renouvelable-des-territoires-par-departement,0.21965285,True
indices-saisonniers-danomalie-de-precipitations-et-danomalies-de-nombre-de-jours-de-precipitations-issus-du-modele-aladin-climat,0.219509,True
rapportage-directive-cadre-sur-leau-2010-syntheses-sur-les-pressions-et-impacts-sur-les-masses-deau-souterraines-par-bassin-dce,0.21912022,True
qualite-des-eaux-souterraines-france-entiere-ades-30381938,0.21872929,True
centres-de-collecte-de-sperme-agrees-pour-les-echanges-intracommunautaires-de-sperme-12-02-2020-danimaux-domestiques-de-lespece-bovine-directive-88-407-cee,0.21846347,True
rapportage-directive-cadre-sur-leau-2010-syntheses-sur-les-tendances-a-la-hausse-des-substances-polluantes-des-masses-deau-souterraines-par-bassin-dce,0.21818927,True
part-des-vehicules-a-faibles-emissions-dans-le-renouvellement-du-parc-du-ministere-de-la-transition-ecologique-et-les-ep-sous-tutelle,0.2178524,True
indicateur-mensuel-gaz-renouvelable-des-territoires-par-epci,0.21783793,True
classification-des-espaces-vegetalises-et-artificialises-production-corine-land-cover-pour-la-metropole-de-lyon-ortho-2015,0.21743378,True
donnees-issues-des-campagnes-exceptionnelles-campex-2011-2013-substances-eaux-littorales-detail-par-parametre,0.21677406,True
plages-surveillees-du-grand-parc-de-miribel-jonage,0.21663293,True
inventaire-de-gaz-a-effet-de-serre-territorialise,0.21583417,True
evolution-des-emissions-directes-de-methane-depuis-2016-generees-par-lactivite-de-grtgaz-et-de-terega,0.21565568,True
registre-2015-des-installations-de-production-raccordees-au-reseau-de-transport-delectricite,0.215191,True
registre-2016-des-installations-de-production-raccordees-au-reseau-de-transport-delectricite,0.21421976,True
rapportage-directive-cadre-sur-leau-2010-inventaire-et-caracteristiques-des-masses-deau-de-surface-par-bassin-dce,0.21363333,True
rapportage-directive-cadre-sur-leau-2010-syntheses-des-etats-et-objectifs-des-masses-deau-niveaux-de-confiance-criteres-dexemption-par-bassin-dce-et-pour-la-france-entiere,0.21315876,True
conversion-des-unites-gazieres,0.21276721,True
agreste-graphagri,0.2125518,True
ind26-1-nombre-dinstallations-en-zone-inondable-susceptibles-de-deverser-des-produits-polluants-dans-lenvironnement-en-cas-dinondation-2019,0.21028678,True
repartition-regionale-des-surfaces-et-cheptels-bio-et-en-conversion,0.2090292,True
centres-de-collecte-de-sperme-agrees-pour-les-echanges-intracommunautaires-de-sperme-danimaux-domestiques-de-lespece-bovine-directive-88-407-cee-2,0.20858213,True
donnees-d-observation-des-principales-stations-meteorologiques,0.20775244,True
donnees-de-consommations-et-habitudes-alimentaires-de-letude-inca-2-3,0.20739858,True
rapportage-directive-cadre-sur-leau-2010-inventaire-et-caracteristiques-des-masses-deau-souterraine-par-bassin-dce,0.20711334,True
donnees-regionales-eat2-etude-de-l-alimentation-totale,0.20686391,True
agreste-alimentation-animale,0.20555893,True
historique-detaille-des-surfaces-cheptels-et-nombre-doperateurs-par-departement,0.20551391,True
prevision-de-lame-deau-issue-du-modele-de-prevision-immediate-agregee-fusionnee,0.20474705,True
consommation-delectricite-quotidienne-corrigee-de-la-meteo,0.20442156,True
arboclimat-base-de-donnees-stockage-carbone,0.20420662,True
animation-cartes-modeles-atmospheriques,0.20392069,True
la-demographie-des-infirmiers-a-l-horizon-2030-un-exercice-de-projections-aux-niveaux-national-et-re,0.20372865,True
rapportage-directive-cadre-sur-leau-2010-fichiers-sig-des-zones-protegees-par-bassin-dce,0.20297329,True
rapportage-directive-cadre-sur-leau-2010-syntheses-sur-les-pressions-et-impacts-par-bassin-dce,0.202438,True
rapportage-directive-cadre-sur-leau-2010-sites-de-surveillance-des-masses-deau-de-surface-par-bassin-dce,0.20239682,True
toits-sur-toits-3d-2015-du-bati-de-la-metropole-de-lyon,0.20177229,True
agreste-donnees-communales-principaux-cheptels-nombre-d-elevages-et-cheptel-champ-ensemble-des-explo,0.20130849,True
rapportage-directive-cadre-sur-leau-2010-syntheses-sur-letat-quantitatif-des-masses-deau-souterraines-par-bassin-dce,0.20055231,True
consommation-annuelle-definitive-a-la-maille-adresse-des-sites-industriels-raccordes-aux-reseaux-de-transport-de-gaz-et-delectricite,0.20043199,True
consommation-quotidienne-definitive-regionalisee-de-gaz-des-distributions-publiques-a-linterface-avec-le-reseau-de-transport-de-gaz,0.19981153,True
indice-de-qualite-de-lair-par-commune-pour-j-1-j-j-1,0.1995509,True
rapportage-directive-cadre-sur-leau-2010-syntheses-sur-letat-quantitatif-et-chimique-des-masses-deau-souterraines-par-bassin-dce,0.19954331,True
tendances-devolution-des-concentrations-en-nitrates-dans-les-eaux-souterraines-a-lechelle-du-bassin-adour-garonne,0.1993999,True
prevention-des-risques-dinondation-par-ruissellement-axe-decoulement-du-plu-h-de-la-metropole-de-lyon,0.19883288,True
parc-national-annuel-de-production-eolien-et-solaire-2001-a-2021,0.19880432,True
chaufferies-et-centrales-de-production-de-froid-des-reseaux-de-chaleur-et-de-froid-de-la-metropole-de-lyon,0.1981585,True
corine-land-cover-occupation-des-sols-en-france,0.19670002,True
donnees-etude-de-lalimentation-totale-infantile,0.19660226,True
evolution-de-la-consommation-de-gnl-carburant-routier-depuis-2017-1,0.19600117,True
recensement-de-la-circulation-sur-le-reseau-routier-national-non-concede-en-2011,0.19582817,True
produits-biocides-30381961,0.19580872,True
taux-detagement-de-fractionnement-et-densite-douvrages-des-masses-deau-en-loire-bretagne,0.19561069,True
rapportage-directive-cadre-sur-leau-2010-programme-de-surveillance-des-masses-deau-de-surface-par-bassin-dce,0.19525878,True
facteurs-de-charge-et-taux-de-couverture-regionaux-annuels-des-energies-renouvelables-2014-a-2021,0.19482848,True
consommation-quotidienne-brute-regionale,0.19455315,True
consommation-horaire-provisoire-de-gaz-des-clients-industriels-raccordes-sur-le-reseau-de-transport-de-gaz,0.19402185,True
rejets-sf6-de-rte-par-annee-et-par-type-de-rejets,0.1928268,True
rapportage-directive-cadre-sur-leau-2010-sites-de-surveillance-des-masses-deau-souterraine-par-bassin-dce,0.19254126,True
donnees-de-modele-atmospherique-a-aire-limitee-a-haute-resolution-sur-loutre-mer,0.19227152,True
centres-de-collecte-de-sperme-agrees-pour-les-echanges-intracommunautaires-de-sperme-12-02-2020-danimaux-domestiques-de-lespece-bovine-directive-88-407-cee-approved-semen-collection-centres-for-intra-community-trade-in-semen-of-domestic-animals-of-the-88,0.19223261,True
consommation-quotidienne-brute,0.1921358,True
donnees-de-letat-des-lieux-preparatoire-a-lelaboration-du-sdage-2016-2021-eaux-souterraines,0.19208679,True
reseau-de-reference-pour-la-surveillance-des-etiages-rrse,0.19200885,True
donnees-de-consommations-et-habitudes-alimentaires-de-letude-inca-3,0.19112065,True
donnees-de-letat-des-lieux-preparatoire-a-lelaboration-du-sdage-2016-2021-eaux-de-surface,0.19081791,True
parc-regional-annuel-de-production-par-filiere,0.19070779,True
installations-de-production-biomethane-en-service-par-region-au-31-decembre,0.1900151,True
production-regionale-mensuelle-delectricite-par-filiere,0.1900022,True
vehicules-gnv-en-circulation-en-france,0.18934946,True
resultats-du-controle-sanitaire-de-leau-du-robinet,0.18926483,True
rapportage-directive-cadre-sur-leau-2010-methodologies-devaluation-des-masses-deau-de-surface-par-bassin-dce,0.18909377,True
morpho-sedimentologie-et-courants-de-maree-3d-de-la-zone-eolien-pose-de-saint-nazaire,0.18899472,True
grandes-infrastructures-gazieres-en-france,0.18812685,True
facteurs-de-charge-et-taux-de-couverture-regionaux-mensuels-des-energies-renouvelables,0.18801555,True
donnees-dobservation-en-mer-bouees-et-bateaux-3,0.18767078,True
statistiques-des-niveaux-marins-extremes-des-cotes-de-la-manche-et-de-latlantique,0.1875376,True
taux-detagement-de-fractionnement-et-densite-douvrages-en-france-metropolitaine,0.18741897,True
evolution-de-la-flotte-mondiale-des-methaniers,0.18737046,True
agreste-depenses-pour-proteger-l-environnement-dans-les-industries-agroalimentaires,0.1872499,True
lait-cru-colostrum-produits-laitiers-et-produits-a-base-de-colostrum-raw-milk-and-dairy-products-processing-plant,0.18507262,True
parc-national-annuel-de-production-par-filiere-2007-a-2021,0.18498348,True
ind19-1-exposition-de-la-population-a-la-submersion-des-cordons-dunaires-2019,0.18440871,True
liste-des-etablissements-de-production-de-lait-et-de-produits-laitiers-agrees-ce-raw-milk-a-30379119,0.18440077,True
donnees-de-valeurs-dexposition-aux-ondes-electromagnetiques-relevees-par-sondes-fixes,0.18428172,True
bilan-previsionnel-electrique-2017-bilans-energetiques,0.1841975,True
agreste-donnees-communales-principales-cultures-nombre-d-exploitations-en-cultivant-et-superficie--0,0.18394187,True
donnees-du-modele-atmospherique-arome-a-aire-limitee-a-haute-resolution,0.18392257,True
donnees-de-rejet-des-industriels,0.18281999,True
volumes-mensuels-delectricite-echanges-zoom-sur-la-bourse-epex-spot-2014-a-2015-1,0.18270558,True
rapportage-directive-cadre-sur-leau-2010-methodologies-devaluation-des-masses-deau-souterraines-par-bassin-dce,0.18268605,True
courants-de-maree-des-cotes-de-france-manche-atlantique-produit-numerique,0.1826123,True
part-des-residences-principales-avec-un-combustible-autre-dont-bois,0.18248376,True
agreste-inventaire-des-vergers,0.1822718,True
part-regionale-de-la-consommation-nationale-couverte-par-filiere,0.18217173,True
marnages-sur-les-cotes-francaises-de-la-manche-et-de-latlantique-pour-le-coefficient-95,0.18174966,True
part-de-biognc-dans-la-consommation-totale-de-carburant-depuis-2014-1,0.18151087,True
synthese-projet-e-tracing,0.18099907,True
rapportage-directive-cadre-sur-leau-2010-fichiers-sig-des-masses-deau-de-surface-dce-par-bassin-au-format-wise,0.18050334,True
rapportage-directive-cadre-sur-leau-2010-syntheses-sur-letat-chimique-des-masses-deau-de-surface-par-bassin-dce,0.18049482,True
piezometrie-france-entiere-ades-30382022,0.17911425,True
les-programmes-dinvestissement-des-gestionnaires-de-reseau-de-transport-de-gaz-en-france-depuis-2007,0.17905268,True
marnages-sur-les-cotes-francaises-de-la-manche-et-de-latlantique-pour-le-coefficient-45,0.17867243,True
parc-regional-annuel-de-production-eolien-et-solaire-2001-a-2021,0.1783219,True
rapportage-directive-cadre-sur-leau-2010-fichiers-sig-des-masses-deau-de-surface-france-metropolitaine-au-format-wise,0.17813915,True
prevention-des-risques-dinondation-par-debordement-des-cours-deau-ruisseaux-non-domaniaux-du-plu-h-de-la-metropole-de-lyon,0.17763333,True
agreste-nombre-d-exploitations-agricoles-aux-recensements-de-l-agriculture-2010-et-2000,0.1776129,True
rapportage-directive-cadre-sur-leau-2010-syntheses-sur-letat-ecologique-et-chimique-des-masses-deau-de-surface-par-bassin-dce,0.17594549,True
temperatures-de-surface-en-avril-2011-de-la-metropole-de-lyon-jour,0.17564502,True
etat-des-lieux-des-methodes-de-controle-biologique-mobilisees-dans-les-projets-dephy-expe-1-2012-2018,0.17548946,True
agreste-enquete-sur-les-structures-de-la-production-legumiere,0.17545739,True
ecart-de-la-consommation-electrique-a-meteo-normale-sur-1-et-4-semaines,0.1747472,True
donnees-du-modele-atmospherique-global-arpege,0.17390051,True
observations-daltitude-radio-sondages,0.1735299,True
sinoe-r-chiffres-cles-decheteries-hors-gravats,0.17315856,True
production-quotidienne-definitive-et-regionalisee-de-biomethane-sur-le-reseau-de-distribution-et-de-transport-1,0.17303295,True
production-annuelle-de-biomethane-par-site-raccorde-au-reseau-de-transport-et-de-distribution,0.17293009,True
risque-allergique-lie-aux-pollens-de-la-metropole-de-lyon-dernier-bulletin,0.17247257,True
temperatures-de-surface-en-avril-2011-de-la-metropole-de-lyon-nuit,0.17237194,True
suivi-des-consommations-de-gaz-par-semaine-periode-2022-2023,0.17201336,True
doe-dcr-points-nodaux-du-sdage-2010-2015,0.17128101,True
resultats-du-controle-sanitaire-de-leau-distribuee-commune-par-commune,0.17118636,True
exposition-de-la-population-francaise-aux-rayonnements-ionisants,0.17097281,True
liste-des-etablissements-de-production-de-produits-de-la-peche-agrees-ce-factory-and-freezi-30378743,0.17076293,True
unites-hydrographiques-de-reference-uhr,0.17070584,True
zones-vulnerables-metropole,0.1706671,True
indicateurs-de-trafic-journaliers-france-et-regions-en-situation-de-covid-19,0.17041287,True
classification-2015-des-espaces-vegetalises-et-artificialises-des-communes-de-la-metropole-de-lyon,0.17026566,True
elements-de-calcul-du-facteur-environnemental-des-itineraires-proposes-sur-le-reseau-libellule-sytral-de-la-communaute-dagglomeration-de-villefranche-beaujolais-saone,0.16993222,True
dpe-logements-avant-juillet-2021,0.1697443,True
consommation-finale-corrigee-par-secteur-dactivite-2006-a-2021,0.16970973,True
stock-quotidien-dans-les-stockages-de-gaz-a-partir-de-novembre-2010,0.16945766,True
courbes-de-niveau-4,0.16939226,True
liste-des-etablissements-intermediaires-de-la-filiere-gelatine-destinee-a-la-consommation-h-30378709,0.16863008,True
donnees-du-signal-ecowatt-du-16-11-20-au-31-08-22,0.16833569,True
produits-de-la-peche-fishery-products,0.16833398,True
zones-a-dominante-humide-adour-garonne,0.1682873,True
hackrisques-fortes-pluies-sur-le-languedoc-roussillon-du-26-11-au-30-11-2014,0.16817525,True
consommations-energetiques-2020-a-la-parcelle-sur-le-territoire-de-la-metropole-de-lyon,0.1680357,True
rapportage-directive-cadre-sur-leau-2010-syntheses-sur-letat-ecologique-des-masses-deau-de-surface-par-bassin-dce,0.16800861,True
courants-de-maree-3d-loire,0.16792028,True
meta-reseau-nitrates,0.16762662,True
stations-qualite-rivieres,0.16745774,True
agreste-donnees-communales-principales-cultures-nombre-d-exploitations-en-cultivant-et-superficie-ch,0.16735226,True
connaitre-le-potentiel-radon-de-ma-commune,0.16725023,True
rayonnement-solaire-global-et-vitesse-du-vent-a-100-metres-tri-horaires-regionaux-depuis-janvier-2016,0.1670551,True
viandes-de-gibier-sauvage-wild-game-meat,0.16656736,True
temperatures-de-surface-en-juillet-2015-de-la-metropole-de-lyon-jour,0.16643575,True
rge-alti,0.16643083,True
lidar-hd,0.16618994,True
zpf-zaepf-zone-dalimentation-en-eau-potable-future-et-zos-zones-a-proteger-pour-le-futur-dont-les-zones-a-objectifs-plus-stricts,0.16580582,True
perimetre-de-prevention-des-risques-dinondation-par-ruissellement-perimetre-de-production-et-perimetres-decoulement-accumulation-du-plu-h-de-la-metropole-de-lyon,0.16546,True
nappe-deau-souterraine-lyonnaise-modelisation-des-ecoulements-et-de-la-temperature-au-pas-de-200-m,0.16542013,True
ind212-1-nombre-de-parties-de-reseaux-noeuds-flux-susceptibles-detre-endommages-par-linondation-2019,0.16520306,True
consommations-energetiques-2019-a-la-parcelle-sur-le-territoire-de-la-metropole-de-lyon,0.16488008,True
modele-de-surcote-oceanique-1,0.16481397,True
ind31-1-capacites-dhebergement-temporaire-du-territoire-situees-hors-zone-inondable-2019,0.16456154,True
agreste-donnees-communales-main-d-oeuvre-permanente-dans-les-exploitations-agricoles-champ-moyennes-,0.16425727,True
hauteurs-deau-et-debits-des-cours-deau-observes-en-temps-reel-aux-stations-du-reseau-vigicrues,0.16414678,True
modele-de-surcote-oceanique,0.16406985,True
monitoring-des-capacites-dechanges-aux-frontieres-francaises-de-la-region-europe-du-sud-ouest-en-2020,0.16370748,True
viandes-dongules-domestiques-meat-of-domestic-ungulates,0.16361028,True
donnees-brutes-de-l-inventaire-forestier,0.16348395,True
production-quotidienne-definitive-de-biomethane-sur-le-reseau-de-transport-et-de-distribution,0.16347376,True
donnees-quotidiennes-de-119-stations-en-france-metropolitaine-pour-les-etudes-de-liens-entre-meteorologie-et-covid-19-du-01-01-2020-au-21-04-2021,0.16344273,True
agreste-prix-des-terres-et-pres,0.16293754,True
surfaces-cheptels-et-nombre-doperateurs-bio-a-la-commune,0.16288823,True
consommation-quotidienne-regionalisee-definitive-de-gaz-des-clients-industriels-raccordes-sur-le-reseau-de-transport-de-gaz,0.16288778,True
resultat-des-peches-electriques,0.16279916,True
monitoring-des-capacites-dechanges-aux-frontieres-francaises-de-la-region-core-europe-du-centre-ouest-en-2020,0.16272871,True
trait-de-cote-haute-resolution-1,0.16241837,True
monitoring-des-capacites-dechanges-aux-frontieres-francaises-de-la-region-italie-nord-en-2020,0.16237034,True
rapportage-directive-cadre-sur-leau-2010-zones-protegees-par-bassin-dce,0.1623703,True
marches-et-emploi-de-lefficacite-energetique-et-des-enr-transport-2019,0.16216251,True
courbe-de-niveau-3d-de-la-metropole-de-lyon,0.16203615,True
arboclimat-choix-des-essences,0.16194786,True
donnees-eco2mix-nationales-consolidees-et-definitives-janvier-2012-a-mai-2022,0.16185771,True
marches-et-emploi-de-lefficacite-energetique-et-des-enr-enr-2019,0.16169024,True
marnages-sur-les-cotes-francaises-de-la-manche-et-de-latlantique-pour-le-coefficient-120,0.16167375,True
surfaces-bathyelli-v2-1,0.16162023,True
produits-a-base-de-viande-meat-products,0.16155107,True
ind22-1-nombre-dhabitations-legeres-de-loisir-et-mobil-homes-en-zone-inondable-dans-les-campings-ou-etablissements-assimiles-ne-pouvant-etre-mises-a-labri-2019,0.1615329,True
consommations-energetiques-2018-a-la-parcelle-sur-le-territoire-de-la-metropole-de-lyon,0.16140284,True
indice-poisson-riviere-ipr,0.16134271,True
marches-et-emploi-de-lefficacite-energetique-et-des-enr-batiment-2019,0.16128254,True
zone-a-faibles-emissions-de-la-metropole-de-lyon-zfe,0.16105534,True
modele-de-surcote-oceanique-series-temporelles-ponctuelles,0.16086522,True
zones-vulnerables-historique,0.16081272,True
volumes-annuels-delectricite-actives-sur-le-mecanisme-dajustement-2004-a-2021,0.16068628,True
modele-de-prevision-densemble-arome,0.1602604,True
risque-allergique-lie-aux-pollens-de-la-metropole-de-lyon-historique,0.16025028,True
esane-cooperatives-agroalimentaires,0.15997176,True
rapportage-directive-cadre-sur-leau-2010-fichiers-sig-des-masses-deau-souterraine-par-bassin-dce-au-format-wise,0.15985489,True
etude-pour-la-mise-a-jour-de-letat-des-lieux-du-sdage-du-bassin-adour-garonne-phase-pression-impact-des-eaux-souterraines,0.1597736,True
ruisselement-a-la-reunion-974-resultats-exzeco,0.15977001,True
les-gestionnaires-de-reseau-de-distribution-de-gaz-naturel-en-france-grd-eld-maj-2022,0.15972951,True
petrole-electricite-gaz-et-autres-statistiques-de-l-energie-pegase,0.15968135,True
obstacles-a-lecoulement-france-entiere,0.15944135,True
rapportage-directive-cadre-sur-leau-2010-syntheses-sur-les-exemptions-dobjectif-datteinte-du-bon-etat-chimique-des-masses-deau-souterraines-par-bassin-dce,0.15938623,True
etude-et-donnees-pour-la-mise-a-jour-de-letat-des-lieux-du-sdage-du-bassin-adour-garonne-phase-pression-impact-des-eaux-superficielles,0.15938553,True
mnt-topo-bathymetrique-cotier-du-port-de-saint-malo-et-ses-abords,0.15920046,True
rapportage-directive-cadre-sur-leau-2010-plan-de-gestion-et-programmes-de-mesures-par-bassin-dce,0.15869574,True
sinoe-r-annuaire-2016-des-unites-dincineration-des-ordures-menageres-uiom,0.15839508,True
liste-des-centres-de-collecte-de-sperme-agrees-pour-echanges-intracommunautaires-de-sperme-danimaux-domestiques-de-lespece-equine-dir-92-65-cee-list-of-approved-semen-collection-centres-for-intra-community-trade-in-semen-of-domestic-animals-of-the,0.15830183,True
liste-des-ateliers-de-traitement-du-gibier-sauvage-gros-gibier-sauvage-agrees-ce-large-wild-30379297,0.15825403,True
liste-des-etablissements-de-production-de-produits-a-base-de-viande-agrees-ce-meat-products-30378912,0.15815762,True
consommation-annuelle-electricite-gaz-par-iris-et-par-code-naf-dans-la-metropole-de-lyon,0.15809631,True
points-cotes-au-sol-3d-de-la-metropole-de-lyon,0.15801153,True
cours-deau-en-tres-bon-etat-sdage-2016-2021,0.15778822,True
ind212-2-nombre-de-parties-de-reseaux-noeuds-flux-susceptibles-detre-endommages-par-lerosion-seule-2019,0.15756966,True
elecdom-courbes-de-charge-journalieres-horaires,0.15741968,True
reservoirs-biologiques-sdage-2010-2015,0.15741462,True
contextes-piscicoles-metropole,0.15732947,True
agreste-teruti-lucas-utilisation-du-territoire,0.15728281,True
capacites-dinjection-de-biomethane-reservees-par-trimestre-1,0.15724859,True
aires-dalimentation-des-captages,0.1571753,True
zones-de-vigilance-nitrates-grandes-cultures-sdage-2010-2015,0.15712035,True
11eme-programme-matieres-en-suspension-priorite-1,0.1569888,True
11eme-programme-matieres-en-suspension-priorite-2,0.1569888,True
liste-des-stations-de-peche-electrique,0.1569107,True
agreste-les-principaux-resultats-des-recensements-agricoles-2010-2000-et-1988-par-departement-et-can,0.1565216,True
agreste-enquete-sur-la-production-de-dechets-non-dangereux-dans-l-industrie,0.15613541,True
part-des-residences-principales-chauffees-au-gaz-de-ville-ou-de-reseau,0.15597835,True
les-stockages-souterrains-de-gaz-naturel-en-europe,0.15556198,True
donnees-de-lutilisation-domestique-de-pesticides-de-letude-pestihome,0.15516147,True
modele-atmospherique-a-aire-limitee-a-haute-resolution-et-haute-frequence-sur-la-metropole,0.15509391,True
longueurs-regionales-annuelles-de-circuits-et-files-de-pylones-du-reseau-de-transport-delectricite-2012-a-2022,0.15502372,True
agreste-enquete-sur-les-signes-officiels-de-la-qualite-et-de-l-origine,0.15468305,True
sinoe-r-chiffres-cles-decheteries-avec-gravats,0.15465148,True
energie-et-patrimoine-communal-4-depenses-et-consommation,0.15462795,True
zones-humides-de-la-metropole-de-lyon,0.15452093,True
obstacles-a-lecoulement-metropole,0.15451053,True
les-terminaux-methaniers-existants-et-en-projet-en-europe,0.15445928,True
trafic-total-outre-mer-passagers-et-mouvements-30381876,0.15439184,True
mnt-topo-bathymetrique-cotier-dune-partie-du-golfe-normand-breton,0.1538685,True
scan-historique,0.15378554,True
agreste-recensement-de-lhorticulture,0.15352383,True
energies-et-puissances-regionales-liees-au-contraintes-vision-au-6-decembre-2022,0.15348254,True
liste-des-operations-de-peche-electrique,0.15336725,True
agreste-donnees-communales-nombre-d-exploitations-agricoles-et-superficies-par-orientation-technico-,0.15318647,True
monitoring-des-capacites-dechanges-aux-frontieres-francaises-de-la-region-europe-du-sud-ouest,0.1530349,True
donnees-du-signal-ecogaz,0.15303381,True
refea-les-activites-extrascolaires-dans-lenseignement-agricole,0.15262851,True
rapportage-directive-cadre-sur-leau-2010-syntheses-sur-les-exemptions-au-titre-chimique-des-masses-deau-de-surface-par-bassin-dce,0.15206812,True
masses-deau-souterraines-france-entiere-version-rapportage-2016,0.15204284,True
modele-de-prevision-densemble-arpege,0.15191138,True
masses-deau-souterraines-guyane-version-rapportage-2016,0.15167947,True
masses-deau-souterraines-mayotte-version-rapportage-2016,0.15162702,True
mesures-du-reseau-permanent-de-mesure-de-bruit-de-la-metropole-de-lyon,0.15160929,True
masses-deau-souterraines-guadeloupe-version-rapportage-2016,0.1514661,True
longueurs-nationales-annuelles-de-circuits-et-files-de-pylones-du-reseau-de-transport-delectricite-2011-a-2022,0.15141635,True
masses-deau-souterraines-metropole-version-rapportage-2016,0.15130924,True
masses-deau-souterraines-reunion-version-rapportage-2016,0.15129964,True
energie-et-patrimoine-communal-5-batiments,0.15104938,True
occupation-des-sols-a-grande-echelle-par-teledetection-2011-departement-de-la-loire,0.151046,True
series-temporelles-de-turbidite-roec,0.1510354,True
energie-et-patrimoine-communal-6-carburant-vehicule-eclairage,0.15102081,True
consommation-annuelle-finale-francaise-delectricite-par-typologie-de-consommateurs-2015-a-2021,0.15087938,True
energie-et-patrimoine-communal-3-divers,0.15084638,True
energie-et-patrimoine-communal-2-energie,0.1506485,True
energie-et-patrimoine-communal-7-enr-cogeneration,0.15045898,True
donnees-dce-eaux-souterraines-sdage-2010-2015,0.15030307,True
energie-et-patrimoine-communal-8-ponderations,0.15010418,True
consommation-horaire-definitive-de-gaz-des-clients-industriels-raccordes-sur-le-reseau-de-transport-de-gaz,0.14980271,True
masses-deau-souterraines-martinique-version-rapportage-2016,0.14954832,True
donnees-naturalistes-de-l-onf-0,0.14946854,True
nombre-dinstallations-photovoltaiques-par-commune-de-la-metropole-de-lyon,0.1494329,True
occupation-des-sols-a-grande-echelle-par-teledetection-2011-departement-de-lain,0.14935789,True
obstacles-a-lecoulement-reunion,0.14929713,True
occupation-des-sols-a-grande-echelle-par-teledetection-2011-departement-de-lisere,0.14922293,True
occupation-des-sols-a-grande-echelle-par-teledetection-2011-departement-de-la-savoie,0.14921398,True
ind27-1-pourcentage-de-la-surface-agricole-inondable-par-rapport-a-la-surface-agricole-de-la-commune-2019,0.14910999,True
occupation-des-sols-a-grande-echelle-par-teledetection-2011-departement-de-la-haute-savoie,0.14909926,True
maquettes-3d-texturees-2018-des-communes-de-la-metropole-de-lyon,0.149032,True
energie-et-patrimoine-communal-1-description,0.14902154,True
elecdom-donnees-de-consommation-annuelle,0.14896125,True
registre-national-des-installations-de-production-et-de-stockage-delectricite-au-31-decembre-2017,0.14887463,True
occupation-des-sols-a-grande-echelle-par-teledetection-2011-departement-du-rhone,0.14885017,True
part-de-logements-en-chauffage-urbain-dans-le-parc-des-residences-principales-des-communes,0.1487988,True
stations-du-reseau-permanent-de-mesure-de-bruit-de-la-metropole-de-lyon,0.14841585,True
consommations-energetiques-2020-a-ladresse-sur-le-territoire-de-la-metropole-de-lyon,0.14836618,True
